State,Gender,Year,Deaths
Alabama,Female,1999,156
New Hampshire,Male,1999,64
Arkansas,Female,1999,62
Arkansas,Male,1999,327
District of Columbia,Male,1999,147
District of Columbia,Female,1999,12
Oklahoma,Male,1999,420
New Hampshire,Female,1999,0
Oklahoma,Female,1999,87
Indiana,Male,1999,582
Maryland,Male,1999,584
Maryland,Female,1999,60
Texas,Female,1999,338
Texas,Male,1999,1781
New Jersey,Female,1999,47
Indiana,Female,1999,94
West Virginia,Female,1999,36
Massachusetts,Female,1999,24
Massachusetts,Male,1999,169
Nebraska,Male,1999,125
Florida,Male,1999,1410
Florida,Female,1999,305
Wisconsin,Male,1999,401
Wisconsin,Female,1999,48
Arizona,Female,1999,132
Arizona,Male,1999,674
Oregon,Male,1999,330
Oregon,Female,1999,55
Illinois,Female,1999,126
Illinois,Male,1999,1081
Nevada,Female,1999,55
Nevada,Male,1999,314
Tennessee,Female,1999,133
Tennessee,Male,1999,718
New Jersey,Male,1999,314
Nebraska,Female,1999,21
Washington,Male,1999,493
Ohio,Male,1999,805
Louisiana,Male,1999,650
Louisiana,Female,1999,126
Colorado,Female,1999,74
Colorado,Male,1999,381
New York,Female,1999,108
New York,Male,1999,903
Kansas,Male,1999,231
Connecticut,Male,1999,184
North Carolina,Male,1999,879
North Carolina,Female,1999,184
Kentucky,Female,1999,86
Kentucky,Male,1999,440
Vermont,Female,1999,10
Vermont,Male,1999,50
Connecticut,Female,1999,13
Kansas,Female,1999,40
North Dakota,Female,1999,10
North Dakota,Male,1999,39
Ohio,Female,1999,130
Iowa,Female,1999,27
Iowa,Male,1999,180
California,Female,1999,408
California,Male,1999,2596
Maine,Male,1999,94
Maine,Female,1999,18
Delaware,Male,1999,56
Delaware,Female,1999,0
New Mexico,Female,1999,38
New Mexico,Male,1999,246
Utah,Female,1999,21
Utah,Male,1999,166
Virginia,Male,1999,691
Virginia,Female,1999,128
Washington,Female,1999,84
Michigan,Female,1999,140
West Virginia,Male,1999,217
Idaho,Female,1999,23
Missouri,Female,1999,96
Georgia,Male,1999,917
South Dakota,Male,1999,62
Hawaii,Male,1999,40
Georgia,Female,1999,189
Pennsylvania,Female,1999,158
Missouri,Male,1999,617
Idaho,Male,1999,130
Montana,Male,1999,109
Hawaii,Female,1999,0
Rhode Island,Female,1999,0
Montana,Female,1999,15
Pennsylvania,Male,1999,1033
Rhode Island,Male,1999,48
Alaska,Male,1999,71
Alaska,Female,1999,16
South Dakota,Female,1999,10
Minnesota,Male,1999,277
Michigan,Male,1999,950
South Carolina,Male,1999,437
South Carolina,Female,1999,109
Wyoming,Female,1999,11
Minnesota,Female,1999,23
Wyoming,Male,1999,62
Alabama,Male,1999,635
Mississippi,Female,1999,82
Mississippi,Male,1999,432
Delaware,Female,2000,0
Maine,Male,2000,96
Maine,Female,2000,14
Georgia,Female,2000,193
Michigan,Female,2000,163
California,Male,2000,2655
California,Female,2000,395
Georgia,Male,2000,908
Iowa,Male,2000,173
Iowa,Female,2000,19
South Carolina,Female,2000,85
South Carolina,Male,2000,410
Ohio,Female,2000,125
Ohio,Male,2000,765
Washington,Female,2000,78
Washington,Male,2000,444
New Jersey,Male,2000,310
New Jersey,Female,2000,32
Delaware,Male,2000,43
Hawaii,Male,2000,45
Virginia,Male,2000,652
New Mexico,Male,2000,248
Alabama,Female,2000,137
Kentucky,Male,2000,460
Kentucky,Female,2000,85
Alabama,Male,2000,629
North Carolina,Female,2000,192
North Carolina,Male,2000,926
Rhode Island,Male,2000,51
Connecticut,Female,2000,20
Connecticut,Male,2000,161
New York,Male,2000,980
New York,Female,2000,102
Rhode Island,Female,2000,0
Colorado,Male,2000,369
Colorado,Female,2000,76
Kansas,Male,2000,258
Kansas,Female,2000,41
Mississippi,Male,2000,394
Louisiana,Female,2000,110
Louisiana,Male,2000,680
Mississippi,Female,2000,80
Missouri,Female,2000,114
Virginia,Female,2000,139
Wyoming,Male,2000,49
Utah,Male,2000,166
Utah,Female,2000,27
Missouri,Male,2000,630
Hawaii,Female,2000,0
North Dakota,Female,2000,0
North Dakota,Male,2000,41
New Mexico,Female,2000,38
Texas,Male,2000,1803
Vermont,Female,2000,0
Wyoming,Female,2000,12
Nebraska,Female,2000,28
South Dakota,Male,2000,54
Nebraska,Male,2000,138
Idaho,Male,2000,107
Idaho,Female,2000,18
West Virginia,Female,2000,36
West Virginia,Male,2000,206
Oklahoma,Female,2000,82
Arizona,Female,2000,112
Oklahoma,Male,2000,365
Texas,Female,2000,363
New Hampshire,Female,2000,10
Tennessee,Male,2000,764
Tennessee,Female,2000,134
Nevada,Male,2000,297
Nevada,Female,2000,43
Massachusetts,Female,2000,24
Massachusetts,Male,2000,151
Montana,Female,2000,11
Montana,Male,2000,121
Oregon,Male,2000,308
Illinois,Male,2000,1021
Illinois,Female,2000,110
South Dakota,Female,2000,0
Arizona,Male,2000,678
New Hampshire,Male,2000,73
Vermont,Male,2000,49
Oregon,Female,2000,66
Indiana,Male,2000,584
Indiana,Female,2000,88
Maryland,Female,2000,67
Pennsylvania,Female,2000,144
Wisconsin,Male,2000,389
Minnesota,Male,2000,275
Minnesota,Female,2000,42
Maryland,Male,2000,539
Alaska,Male,2000,100
Alaska,Female,2000,16
District of Columbia,Female,2000,13
District of Columbia,Male,2000,135
Florida,Female,2000,269
Arkansas,Male,2000,346
Arkansas,Female,2000,68
Florida,Male,2000,1411
Michigan,Male,2000,904
Pennsylvania,Male,2000,1106
Wisconsin,Female,2000,53
Oregon,Female,2001,58
Florida,Female,2001,286
Florida,Male,2001,1525
North Carolina,Male,2001,947
Oregon,Male,2001,291
Idaho,Male,2001,140
Kansas,Male,2001,222
Connecticut,Male,2001,179
Idaho,Female,2001,33
Connecticut,Female,2001,14
South Dakota,Male,2001,47
South Dakota,Female,2001,0
North Carolina,Female,2001,148
Rhode Island,Female,2001,0
Rhode Island,Male,2001,43
Kansas,Female,2001,45
Tennessee,Female,2001,129
Illinois,Male,2001,1146
Pennsylvania,Female,2001,155
Indiana,Male,2001,604
Indiana,Female,2001,130
Texas,Female,2001,370
Ohio,Male,2001,900
Ohio,Female,2001,131
Pennsylvania,Male,2001,1011
Hawaii,Male,2001,37
South Carolina,Male,2001,447
South Carolina,Female,2001,116
Delaware,Male,2001,58
Delaware,Female,2001,17
Illinois,Female,2001,137
District of Columbia,Female,2001,0
Georgia,Female,2001,188
Georgia,Male,2001,932
Iowa,Female,2001,14
Iowa,Male,2001,175
Hawaii,Female,2001,0
North Dakota,Male,2001,42
North Dakota,Female,2001,0
Oklahoma,Female,2001,67
Oklahoma,Male,2001,407
Tennessee,Male,2001,719
Utah,Female,2001,35
Utah,Male,2001,191
District of Columbia,Male,2001,161
Texas,Male,2001,1962
New York,Female,2001,94
Vermont,Male,2001,47
Arkansas,Male,2001,346
Maryland,Male,2001,543
Maryland,Female,2001,56
New Hampshire,Female,2001,12
New Hampshire,Male,2001,80
Minnesota,Female,2001,41
Minnesota,Male,2001,281
Washington,Male,2001,416
Washington,Female,2001,88
New Jersey,Female,2001,35
New Jersey,Male,2001,333
Maine,Male,2001,81
Maine,Female,2001,17
California,Female,2001,390
California,Male,2001,2764
Missouri,Male,2001,663
New Mexico,Female,2001,46
Arkansas,Female,2001,65
New Mexico,Male,2001,219
Vermont,Female,2001,0
West Virginia,Male,2001,211
Montana,Female,2001,23
Alaska,Male,2001,81
Alaska,Female,2001,14
Wyoming,Female,2001,0
Wyoming,Male,2001,61
Michigan,Male,2001,948
Michigan,Female,2001,123
Wisconsin,Male,2001,432
Wisconsin,Female,2001,46
Nebraska,Female,2001,14
Nebraska,Male,2001,124
Arizona,Female,2001,120
Arizona,Male,2001,712
Massachusetts,Male,2001,185
Massachusetts,Female,2001,0
Nevada,Female,2001,55
Nevada,Male,2001,280
West Virginia,Female,2001,37
Missouri,Female,2001,89
Montana,Male,2001,137
Mississippi,Male,2001,421
Alabama,Male,2001,611
Colorado,Male,2001,427
Mississippi,Female,2001,80
Virginia,Male,2001,635
Louisiana,Female,2001,123
Louisiana,Male,2001,660
Virginia,Female,2001,128
Colorado,Female,2001,77
Alabama,Female,2001,130
Kentucky,Male,2001,451
New York,Male,2001,970
Kentucky,Female,2001,73
Massachusetts,Female,2002,11
Massachusetts,Male,2002,190
Pennsylvania,Male,2002,1050
Pennsylvania,Female,2002,167
New York,Female,2002,92
Alabama,Female,2002,112
Nevada,Male,2002,311
Nevada,Female,2002,54
Nebraska,Male,2002,121
Illinois,Female,2002,119
Illinois,Male,2002,1115
Hawaii,Male,2002,30
Hawaii,Female,2002,0
Oklahoma,Male,2002,369
Oklahoma,Female,2002,84
West Virginia,Male,2002,241
West Virginia,Female,2002,33
Colorado,Female,2002,78
Connecticut,Female,2002,11
District of Columbia,Male,2002,173
District of Columbia,Female,2002,22
Colorado,Male,2002,431
Nebraska,Female,2002,18
Virginia,Male,2002,676
Arizona,Female,2002,133
Montana,Male,2002,114
Vermont,Female,2002,0
Alaska,Male,2002,91
Alaska,Female,2002,34
Vermont,Male,2002,55
Michigan,Male,2002,953
Michigan,Female,2002,138
Idaho,Female,2002,16
Idaho,Male,2002,146
Kentucky,Female,2002,87
Florida,Male,2002,1573
Arizona,Male,2002,823
Florida,Female,2002,304
Rhode Island,Male,2002,50
Wisconsin,Male,2002,387
Wisconsin,Female,2002,52
Rhode Island,Female,2002,0
North Carolina,Female,2002,179
South Dakota,Female,2002,0
South Dakota,Male,2002,56
Oregon,Male,2002,316
Oregon,Female,2002,53
North Carolina,Male,2002,954
New York,Male,2002,890
Kentucky,Male,2002,456
Connecticut,Male,2002,135
Alabama,Male,2002,613
Ohio,Male,2002,932
Ohio,Female,2002,134
Mississippi,Female,2002,84
Maine,Male,2002,76
Maine,Female,2002,11
Louisiana,Female,2002,127
Louisiana,Male,2002,745
Delaware,Male,2002,66
Delaware,Female,2002,0
Utah,Male,2002,176
Utah,Female,2002,26
California,Female,2002,407
California,Male,2002,2970
New Jersey,Female,2002,39
New Jersey,Male,2002,376
Missouri,Male,2002,606
Iowa,Female,2002,27
Iowa,Male,2002,169
Georgia,Female,2002,176
Georgia,Male,2002,945
Missouri,Female,2002,90
North Dakota,Male,2002,55
North Dakota,Female,2002,0
Virginia,Female,2002,127
New Mexico,Female,2002,40
New Mexico,Male,2002,259
Wyoming,Female,2002,14
Texas,Male,2002,1916
New Hampshire,Male,2002,65
Washington,Female,2002,74
Arkansas,Female,2002,65
Arkansas,Male,2002,376
Tennessee,Female,2002,158
Tennessee,Male,2002,748
South Carolina,Male,2002,474
South Carolina,Female,2002,92
Maryland,Male,2002,547
Maryland,Female,2002,60
Mississippi,Male,2002,404
Texas,Female,2002,366
Kansas,Female,2002,40
Indiana,Female,2002,111
Kansas,Male,2002,229
Wyoming,Male,2002,81
Washington,Male,2002,486
Indiana,Male,2002,609
Montana,Female,2002,19
Minnesota,Male,2002,275
New Hampshire,Female,2002,0
Minnesota,Female,2002,29
Hawaii,Female,2003,0
Mississippi,Female,2003,90
Missouri,Female,2003,85
Pennsylvania,Male,2003,1091
Pennsylvania,Female,2003,137
Missouri,Male,2003,572
Minnesota,Male,2003,293
Minnesota,Female,2003,37
Hawaii,Male,2003,30
Mississippi,Male,2003,384
Nevada,Female,2003,59
Montana,Male,2003,125
New Jersey,Female,2003,54
New Jersey,Male,2003,397
Iowa,Female,2003,24
Iowa,Male,2003,182
North Dakota,Male,2003,48
North Dakota,Female,2003,0
Louisiana,Male,2003,725
Louisiana,Female,2003,118
New Mexico,Female,2003,39
New Mexico,Male,2003,279
Kansas,Female,2003,41
Kansas,Male,2003,257
North Carolina,Male,2003,902
North Carolina,Female,2003,158
Rhode Island,Female,2003,0
New York,Female,2003,90
New York,Male,2003,939
Kentucky,Male,2003,479
Kentucky,Female,2003,79
Maine,Female,2003,11
Maine,Male,2003,70
New Hampshire,Male,2003,79
New Hampshire,Female,2003,0
Michigan,Male,2003,896
Michigan,Female,2003,130
Idaho,Male,2003,143
Oregon,Male,2003,343
Oregon,Female,2003,46
Nebraska,Female,2003,15
Nebraska,Male,2003,116
Massachusetts,Male,2003,182
Massachusetts,Female,2003,22
Montana,Female,2003,21
Illinois,Female,2003,103
Oklahoma,Male,2003,380
Oklahoma,Female,2003,63
Nevada,Male,2003,310
Maryland,Male,2003,583
Maryland,Female,2003,59
Indiana,Female,2003,102
Indiana,Male,2003,592
Ohio,Male,2003,821
Ohio,Female,2003,103
Illinois,Male,2003,1043
Rhode Island,Male,2003,32
Idaho,Female,2003,19
South Dakota,Male,2003,61
Utah,Male,2003,199
Arkansas,Male,2003,352
California,Male,2003,3019
Arkansas,Female,2003,53
California,Female,2003,378
Florida,Female,2003,290
Tennessee,Female,2003,145
District of Columbia,Female,2003,0
District of Columbia,Male,2003,159
Colorado,Female,2003,72
Colorado,Male,2003,421
Utah,Female,2003,28
Washington,Female,2003,80
Connecticut,Male,2003,131
Connecticut,Female,2003,22
Vermont,Male,2003,44
Vermont,Female,2003,0
Alaska,Male,2003,102
Alaska,Female,2003,18
Wyoming,Female,2003,0
Wyoming,Male,2003,82
West Virginia,Female,2003,42
West Virginia,Male,2003,223
South Dakota,Female,2003,10
Washington,Male,2003,479
Virginia,Female,2003,119
Tennessee,Male,2003,695
Florida,Male,2003,1645
Alabama,Male,2003,634
Wisconsin,Male,2003,408
Texas,Female,2003,390
Wisconsin,Female,2003,56
Texas,Male,2003,2015
Delaware,Female,2003,0
Virginia,Male,2003,687
Alabama,Female,2003,132
Georgia,Male,2003,975
Georgia,Female,2003,195
South Carolina,Female,2003,109
Delaware,Male,2003,56
South Carolina,Male,2003,483
Arizona,Female,2003,124
Arizona,Male,2003,717
Arizona,Male,2004,770
North Carolina,Male,2004,888
Illinois,Male,2004,878
Illinois,Female,2004,115
North Carolina,Female,2004,167
Wisconsin,Female,2004,57
Nebraska,Female,2004,12
Utah,Female,2004,25
Utah,Male,2004,195
Alaska,Male,2004,101
Arizona,Female,2004,110
South Dakota,Female,2004,0
South Dakota,Male,2004,67
West Virginia,Male,2004,212
Alaska,Female,2004,15
Wyoming,Male,2004,47
Wyoming,Female,2004,0
Delaware,Female,2004,11
Delaware,Male,2004,63
Kansas,Male,2004,242
North Dakota,Male,2004,46
Montana,Male,2004,105
Indiana,Male,2004,544
Indiana,Female,2004,90
Michigan,Female,2004,136
Michigan,Male,2004,912
North Dakota,Female,2004,0
New Jersey,Female,2004,39
New Jersey,Male,2004,410
Iowa,Female,2004,14
Tennessee,Male,2004,728
Tennessee,Female,2004,142
California,Male,2004,2887
California,Female,2004,366
Texas,Male,2004,1950
Ohio,Male,2004,886
Texas,Female,2004,384
District of Columbia,Female,2004,10
Wisconsin,Male,2004,356
District of Columbia,Male,2004,133
Massachusetts,Male,2004,192
Massachusetts,Female,2004,13
Oklahoma,Female,2004,71
Oklahoma,Male,2004,378
Connecticut,Male,2004,153
Connecticut,Female,2004,20
Iowa,Male,2004,176
Montana,Female,2004,20
Kansas,Female,2004,50
Ohio,Female,2004,149
Oregon,Male,2004,326
Colorado,Male,2004,460
Colorado,Female,2004,83
Pennsylvania,Female,2004,166
Pennsylvania,Male,2004,1102
Oregon,Female,2004,52
Maryland,Male,2004,587
Maryland,Female,2004,61
Maine,Female,2004,13
Maine,Male,2004,95
New Mexico,Male,2004,244
New Mexico,Female,2004,41
Alabama,Male,2004,566
Arkansas,Female,2004,60
Arkansas,Male,2004,341
Hawaii,Male,2004,35
Hawaii,Female,2004,0
South Carolina,Male,2004,476
Virginia,Male,2004,680
Virginia,Female,2004,134
New Hampshire,Female,2004,0
Rhode Island,Male,2004,35
Rhode Island,Female,2004,0
New Hampshire,Male,2004,60
Missouri,Female,2004,106
Mississippi,Male,2004,410
Alabama,Female,2004,117
Louisiana,Male,2004,781
Louisiana,Female,2004,121
Georgia,Male,2004,879
Georgia,Female,2004,182
South Carolina,Female,2004,95
Mississippi,Female,2004,62
Missouri,Male,2004,563
Nebraska,Male,2004,105
Kentucky,Male,2004,460
New York,Female,2004,68
New York,Male,2004,881
Vermont,Male,2004,57
Minnesota,Male,2004,317
Minnesota,Female,2004,43
Washington,Male,2004,470
Washington,Female,2004,91
Florida,Male,2004,1558
Kentucky,Female,2004,93
Florida,Female,2004,324
Idaho,Female,2004,20
Nevada,Male,2004,328
Nevada,Female,2004,54
West Virginia,Female,2004,39
Idaho,Male,2004,155
Vermont,Female,2004,0
Iowa,Female,2005,27
Texas,Male,2005,2081
Texas,Female,2005,390
Iowa,Male,2005,174
Nevada,Male,2005,330
New Jersey,Male,2005,391
Nebraska,Female,2005,15
New York,Female,2005,100
Louisiana,Female,2005,133
Utah,Male,2005,199
Louisiana,Male,2005,722
West Virginia,Male,2005,215
West Virginia,Female,2005,46
New York,Male,2005,912
Virginia,Female,2005,129
Virginia,Male,2005,752
Nevada,Female,2005,54
Nebraska,Male,2005,119
Arkansas,Male,2005,350
North Dakota,Female,2005,0
New Jersey,Female,2005,39
North Carolina,Female,2005,163
Colorado,Female,2005,73
Connecticut,Female,2005,17
North Carolina,Male,2005,957
Colorado,Male,2005,454
New Hampshire,Female,2005,10
Massachusetts,Female,2005,22
New Hampshire,Male,2005,78
Maryland,Male,2005,596
Kentucky,Male,2005,448
North Dakota,Male,2005,58
Kansas,Female,2005,27
Kentucky,Female,2005,97
New Mexico,Male,2005,228
Massachusetts,Male,2005,202
New Mexico,Female,2005,33
Vermont,Female,2005,0
Vermont,Male,2005,37
Arizona,Male,2005,816
Arizona,Female,2005,114
Arkansas,Female,2005,87
Connecticut,Male,2005,170
Utah,Female,2005,27
Kansas,Male,2005,228
Maryland,Female,2005,54
Washington,Female,2005,69
Oregon,Male,2005,335
Hawaii,Male,2005,23
District of Columbia,Female,2005,10
District of Columbia,Male,2005,143
Alabama,Female,2005,123
Alabama,Male,2005,614
Oklahoma,Female,2005,78
Idaho,Female,2005,23
Oklahoma,Male,2005,381
Maine,Male,2005,98
Maine,Female,2005,12
Montana,Male,2005,137
Montana,Female,2005,21
Pennsylvania,Male,2005,1204
Illinois,Male,2005,907
Hawaii,Female,2005,0
Pennsylvania,Female,2005,146
Illinois,Female,2005,115
Missouri,Female,2005,89
Missouri,Male,2005,667
Alaska,Male,2005,99
Alaska,Female,2005,18
South Dakota,Male,2005,77
South Dakota,Female,2005,0
Oregon,Female,2005,52
Wyoming,Female,2005,17
Wyoming,Male,2005,54
Minnesota,Female,2005,49
Minnesota,Male,2005,311
Florida,Male,2005,1539
Florida,Female,2005,291
South Carolina,Male,2005,491
Tennessee,Female,2005,151
Idaho,Male,2005,171
Wisconsin,Male,2005,424
California,Male,2005,3025
Tennessee,Male,2005,827
Ohio,Male,2005,976
Rhode Island,Female,2005,0
Mississippi,Male,2005,372
California,Female,2005,349
Ohio,Female,2005,135
Washington,Male,2005,486
Mississippi,Female,2005,85
Indiana,Male,2005,610
Indiana,Female,2005,86
Rhode Island,Male,2005,35
Wisconsin,Female,2005,46
Delaware,Female,2005,0
Georgia,Male,2005,882
Delaware,Male,2005,67
Georgia,Female,2005,173
Michigan,Male,2005,941
Michigan,Female,2005,124
South Carolina,Female,2005,95
Maryland,Female,2006,60
Maryland,Male,2006,601
Mississippi,Male,2006,388
Missouri,Female,2006,106
Missouri,Male,2006,658
Florida,Female,2006,331
New Hampshire,Female,2006,10
New Hampshire,Male,2006,73
Kentucky,Male,2006,461
Rhode Island,Female,2006,0
Kentucky,Female,2006,69
Rhode Island,Male,2006,39
Florida,Male,2006,1735
Mississippi,Female,2006,81
Arkansas,Female,2006,53
Wyoming,Male,2006,70
Colorado,Female,2006,88
Arkansas,Male,2006,373
Hawaii,Female,2006,0
Hawaii,Male,2006,26
Vermont,Male,2006,46
Vermont,Female,2006,0
Georgia,Female,2006,184
Alabama,Female,2006,123
Maine,Female,2006,17
New Mexico,Female,2006,29
Colorado,Male,2006,403
New Mexico,Male,2006,245
Pennsylvania,Male,2006,1231
Louisiana,Female,2006,124
Pennsylvania,Female,2006,134
Louisiana,Male,2006,706
South Carolina,Female,2006,126
South Carolina,Male,2006,485
Wyoming,Female,2006,11
Washington,Male,2006,472
Washington,Female,2006,65
Georgia,Male,2006,942
Alabama,Male,2006,659
Maine,Male,2006,86
Nevada,Male,2006,340
Arizona,Male,2006,835
Arizona,Female,2006,139
District of Columbia,Male,2006,126
North Carolina,Female,2006,180
North Carolina,Male,2006,950
District of Columbia,Female,2006,0
Michigan,Male,2006,1021
Massachusetts,Female,2006,22
Massachusetts,Male,2006,185
Michigan,Female,2006,135
Tennessee,Female,2006,151
Tennessee,Male,2006,788
California,Male,2006,2930
Oklahoma,Female,2006,80
California,Female,2006,366
Texas,Female,2006,410
Indiana,Female,2006,93
Nebraska,Male,2006,126
Nebraska,Female,2006,14
Indiana,Male,2006,646
Iowa,Male,2006,163
Iowa,Female,2006,30
Wisconsin,Male,2006,369
Wisconsin,Female,2006,46
Ohio,Male,2006,961
Ohio,Female,2006,151
Delaware,Male,2006,65
Delaware,Female,2006,11
Texas,Male,2006,1993
Connecticut,Male,2006,154
Connecticut,Female,2006,19
Oklahoma,Male,2006,398
Nevada,Female,2006,58
Idaho,Male,2006,152
Minnesota,Male,2006,296
Minnesota,Female,2006,36
New York,Female,2006,87
New York,Male,2006,910
Oregon,Male,2006,316
Oregon,Female,2006,56
North Dakota,Male,2006,43
South Dakota,Female,2006,0
Utah,Male,2006,187
Utah,Female,2006,35
Idaho,Female,2006,26
South Dakota,Male,2006,68
Alaska,Male,2006,98
Montana,Male,2006,113
Montana,Female,2006,0
Illinois,Male,2006,936
Illinois,Female,2006,99
Alaska,Female,2006,14
Kansas,Male,2006,252
Kansas,Female,2006,39
New Jersey,Male,2006,449
West Virginia,Male,2006,198
West Virginia,Female,2006,53
Virginia,Female,2006,129
Virginia,Male,2006,676
New Jersey,Female,2006,43
North Dakota,Female,2006,0
New Hampshire,Female,2007,10
New Hampshire,Male,2007,68
Rhode Island,Male,2007,35
Arkansas,Female,2007,69
Alabama,Female,2007,143
Alabama,Male,2007,668
Mississippi,Male,2007,450
Wyoming,Male,2007,66
Wyoming,Female,2007,0
Missouri,Female,2007,105
Missouri,Male,2007,649
Minnesota,Male,2007,303
Minnesota,Female,2007,37
Alaska,Female,2007,11
Alaska,Male,2007,109
Montana,Female,2007,18
Montana,Male,2007,119
Michigan,Male,2007,960
Michigan,Female,2007,128
Wisconsin,Male,2007,411
Wisconsin,Female,2007,71
Maryland,Female,2007,68
Maryland,Male,2007,597
Washington,Female,2007,65
Washington,Male,2007,477
Nevada,Male,2007,340
Nevada,Female,2007,71
Arkansas,Male,2007,357
West Virginia,Female,2007,34
Arizona,Male,2007,825
Arizona,Female,2007,113
Massachusetts,Female,2007,24
Massachusetts,Male,2007,208
Nebraska,Male,2007,116
Nebraska,Female,2007,23
West Virginia,Male,2007,232
Maine,Male,2007,94
Colorado,Female,2007,64
Mississippi,Female,2007,87
Kansas,Female,2007,33
Kansas,Male,2007,256
Utah,Female,2007,38
Utah,Male,2007,203
District of Columbia,Female,2007,12
District of Columbia,Male,2007,130
New York,Male,2007,884
New York,Female,2007,92
South Dakota,Male,2007,45
South Dakota,Female,2007,0
Delaware,Male,2007,65
Oregon,Female,2007,60
Oregon,Male,2007,322
Idaho,Male,2007,165
Kentucky,Female,2007,100
Kentucky,Male,2007,514
Idaho,Female,2007,18
Illinois,Female,2007,102
Florida,Female,2007,339
Illinois,Male,2007,924
Connecticut,Male,2007,130
Maine,Female,2007,12
Indiana,Male,2007,556
Indiana,Female,2007,111
North Dakota,Male,2007,54
North Dakota,Female,2007,0
Iowa,Female,2007,12
Iowa,Male,2007,142
Texas,Female,2007,372
Texas,Male,2007,2178
Tennessee,Male,2007,767
Tennessee,Female,2007,158
Ohio,Female,2007,130
Ohio,Male,2007,973
Oklahoma,Female,2007,85
Oklahoma,Male,2007,395
North Carolina,Male,2007,935
North Carolina,Female,2007,177
Connecticut,Female,2007,19
Florida,Male,2007,1915
Delaware,Female,2007,13
California,Female,2007,379
Louisiana,Male,2007,739
Louisiana,Female,2007,129
Hawaii,Female,2007,0
Georgia,Female,2007,183
New Jersey,Female,2007,42
Pennsylvania,Female,2007,128
South Carolina,Female,2007,97
New Jersey,Male,2007,402
South Carolina,Male,2007,491
Virginia,Female,2007,132
Vermont,Male,2007,45
Pennsylvania,Male,2007,1184
Virginia,Male,2007,681
New Mexico,Female,2007,43
Georgia,Male,2007,1054
California,Male,2007,2815
New Mexico,Male,2007,244
Colorado,Male,2007,436
Rhode Island,Female,2007,0
Vermont,Female,2007,0
Hawaii,Male,2007,33
Ohio,Female,2008,124
Ohio,Male,2008,985
Michigan,Female,2008,102
Michigan,Male,2008,977
Hawaii,Female,2008,0
Montana,Male,2008,122
Wisconsin,Male,2008,375
Tennessee,Male,2008,818
Montana,Female,2008,31
Wisconsin,Female,2008,64
Georgia,Female,2008,223
Georgia,Male,2008,950
Rhode Island,Male,2008,40
Indiana,Female,2008,114
Indiana,Male,2008,606
Delaware,Male,2008,90
Delaware,Female,2008,0
Tennessee,Female,2008,167
Hawaii,Male,2008,33
Minnesota,Female,2008,40
Pennsylvania,Female,2008,138
Minnesota,Male,2008,331
Missouri,Female,2008,119
Florida,Female,2008,352
Florida,Male,2008,1966
South Carolina,Male,2008,536
Idaho,Female,2008,24
Idaho,Male,2008,146
Oregon,Male,2008,330
Oregon,Female,2008,49
Oklahoma,Male,2008,431
South Carolina,Female,2008,78
Missouri,Male,2008,699
Pennsylvania,Male,2008,1197
South Dakota,Female,2008,13
District of Columbia,Male,2008,125
District of Columbia,Female,2008,0
Wyoming,Female,2008,12
Alaska,Female,2008,17
Alaska,Male,2008,122
Wyoming,Male,2008,81
Alabama,Male,2008,682
Alabama,Female,2008,138
Mississippi,Male,2008,473
Illinois,Female,2008,99
Illinois,Male,2008,1002
Mississippi,Female,2008,90
South Dakota,Male,2008,70
Oklahoma,Female,2008,77
Maine,Female,2008,15
Colorado,Female,2008,64
New York,Female,2008,80
Utah,Female,2008,31
Utah,Male,2008,200
Colorado,Male,2008,447
Nevada,Female,2008,61
Nevada,Male,2008,339
Washington,Male,2008,511
Washington,Female,2008,67
Maryland,Male,2008,570
Maryland,Female,2008,75
Kentucky,Female,2008,84
Kentucky,Male,2008,492
Rhode Island,Female,2008,0
New Mexico,Male,2008,244
New York,Male,2008,877
New Mexico,Female,2008,44
Vermont,Male,2008,48
Arkansas,Female,2008,71
Arkansas,Male,2008,373
Louisiana,Female,2008,126
Louisiana,Male,2008,700
California,Male,2008,2753
California,Female,2008,355
New Jersey,Male,2008,380
New Jersey,Female,2008,49
New Hampshire,Female,2008,15
New Hampshire,Male,2008,79
Virginia,Female,2008,112
Virginia,Male,2008,695
Maine,Male,2008,104
Vermont,Female,2008,0
Kansas,Male,2008,245
West Virginia,Male,2008,193
North Carolina,Male,2008,961
Massachusetts,Male,2008,202
Kansas,Female,2008,30
Massachusetts,Female,2008,16
Nebraska,Male,2008,135
Nebraska,Female,2008,14
Iowa,Male,2008,196
Iowa,Female,2008,27
North Dakota,Female,2008,0
Texas,Male,2008,2168
North Dakota,Male,2008,54
North Carolina,Female,2008,199
Texas,Female,2008,415
West Virginia,Female,2008,44
Arizona,Male,2008,749
Connecticut,Male,2008,178
Arizona,Female,2008,151
Connecticut,Female,2008,21
New Hampshire,Female,2009,15
Vermont,Male,2009,53
Nebraska,Male,2009,115
Nebraska,Female,2009,16
Virginia,Female,2009,120
Wyoming,Female,2009,13
Wyoming,Male,2009,83
Rhode Island,Female,2009,0
Rhode Island,Male,2009,52
Mississippi,Male,2009,414
Mississippi,Female,2009,72
Virginia,Male,2009,701
New Jersey,Male,2009,371
New Jersey,Female,2009,37
Tennessee,Male,2009,844
Pennsylvania,Female,2009,187
Pennsylvania,Male,2009,1149
North Dakota,Female,2009,0
Tennessee,Female,2009,124
North Dakota,Male,2009,52
New Hampshire,Male,2009,74
New York,Male,2009,849
South Carolina,Male,2009,526
South Carolina,Female,2009,107
New York,Female,2009,95
South Dakota,Male,2009,70
South Dakota,Female,2009,0
Washington,Male,2009,501
Washington,Female,2009,101
Missouri,Female,2009,119
Utah,Female,2009,40
Wisconsin,Female,2009,68
Wisconsin,Male,2009,385
Utah,Male,2009,214
Oklahoma,Female,2009,86
Oklahoma,Male,2009,445
West Virginia,Male,2009,214
Ohio,Male,2009,840
Nevada,Female,2009,58
Nevada,Male,2009,344
Ohio,Female,2009,143
North Carolina,Female,2009,183
North Carolina,Male,2009,931
Montana,Female,2009,21
Montana,Male,2009,147
Texas,Male,2009,2248
Texas,Female,2009,426
New Mexico,Male,2009,256
New Mexico,Female,2009,39
Oregon,Female,2009,68
Oregon,Male,2009,345
Vermont,Female,2009,0
West Virginia,Female,2009,38
Missouri,Male,2009,699
Indiana,Female,2009,88
Maine,Male,2009,104
Michigan,Female,2009,122
Michigan,Male,2009,967
Idaho,Male,2009,163
Indiana,Male,2009,647
Alabama,Female,2009,151
Kansas,Female,2009,41
Kansas,Male,2009,259
Minnesota,Male,2009,300
Minnesota,Female,2009,34
Massachusetts,Male,2009,180
Massachusetts,Female,2009,23
California,Female,2009,333
Kentucky,Male,2009,453
Delaware,Male,2009,65
Delaware,Female,2009,0
Kentucky,Female,2009,105
Connecticut,Female,2009,22
Connecticut,Male,2009,151
Maryland,Female,2009,65
Maryland,Male,2009,507
Arkansas,Female,2009,64
Arkansas,Male,2009,402
Georgia,Female,2009,222
Georgia,Male,2009,1021
Maine,Female,2009,17
Alabama,Male,2009,680
Idaho,Female,2009,29
Alaska,Female,2009,16
Louisiana,Female,2009,118
California,Male,2009,2707
Iowa,Male,2009,174
Alaska,Male,2009,86
Colorado,Female,2009,87
Iowa,Female,2009,18
Arizona,Female,2009,160
Colorado,Male,2009,490
Louisiana,Male,2009,691
Arizona,Male,2009,690
Hawaii,Female,2009,0
District of Columbia,Male,2009,101
District of Columbia,Female,2009,0
Florida,Male,2009,1921
Hawaii,Male,2009,40
Florida,Female,2009,390
Illinois,Male,2009,946
Illinois,Female,2009,103
Vermont,Female,2010,10
Massachusetts,Female,2010,27
Georgia,Male,2010,1020
Georgia,Female,2010,199
Rhode Island,Female,2010,0
Rhode Island,Male,2010,46
Vermont,Male,2010,60
Connecticut,Male,2010,192
Utah,Male,2010,266
Utah,Female,2010,42
Nebraska,Female,2010,18
Colorado,Female,2010,80
Colorado,Male,2010,458
Kansas,Male,2010,255
Kansas,Female,2010,37
North Carolina,Male,2010,942
Nebraska,Male,2010,137
Pennsylvania,Female,2010,142
Pennsylvania,Male,2010,1160
Massachusetts,Male,2010,241
Connecticut,Female,2010,18
Tennessee,Male,2010,771
Texas,Female,2010,415
Nevada,Male,2010,325
Alabama,Female,2010,127
Tennessee,Female,2010,157
New Mexico,Male,2010,255
Alaska,Male,2010,116
Alaska,Female,2010,27
District of Columbia,Female,2010,0
District of Columbia,Male,2010,93
Maine,Female,2010,12
New Mexico,Female,2010,32
New Jersey,Female,2010,43
New Jersey,Male,2010,410
Florida,Female,2010,379
South Dakota,Female,2010,10
South Dakota,Male,2010,63
Alabama,Male,2010,654
Louisiana,Female,2010,123
Florida,Male,2010,1873
Nevada,Female,2010,60
Maine,Male,2010,97
Wisconsin,Female,2010,51
New York,Male,2010,923
New York,Female,2010,81
Maryland,Male,2010,488
Maryland,Female,2010,45
Wyoming,Male,2010,76
Texas,Male,2010,2284
Hawaii,Female,2010,0
Wyoming,Female,2010,16
Delaware,Female,2010,0
Kentucky,Female,2010,80
Kentucky,Male,2010,473
New Hampshire,Female,2010,20
New Hampshire,Male,2010,96
South Carolina,Female,2010,103
South Carolina,Male,2010,541
Wisconsin,Male,2010,442
Delaware,Male,2010,81
Hawaii,Male,2010,38
North Carolina,Female,2010,182
Arkansas,Male,2010,351
Virginia,Female,2010,127
Virginia,Male,2010,740
Oregon,Male,2010,379
Oregon,Female,2010,69
Idaho,Female,2010,24
Idaho,Male,2010,174
Arkansas,Female,2010,68
Washington,Female,2010,100
Washington,Male,2010,494
Missouri,Male,2010,749
Missouri,Female,2010,96
Minnesota,Female,2010,43
Minnesota,Male,2010,314
Indiana,Male,2010,601
Indiana,Female,2010,104
Oklahoma,Male,2010,459
Ohio,Female,2010,153
Ohio,Male,2010,988
Arizona,Male,2010,787
Arizona,Female,2010,134
West Virginia,Female,2010,36
West Virginia,Male,2010,233
Oklahoma,Female,2010,78
Illinois,Female,2010,100
Illinois,Male,2010,959
Mississippi,Male,2010,382
Mississippi,Female,2010,94
North Dakota,Male,2010,60
Michigan,Male,2010,942
Louisiana,Male,2010,741
Montana,Female,2010,27
California,Male,2010,2531
Montana,Male,2010,139
North Dakota,Female,2010,0
Michigan,Female,2010,125
Iowa,Male,2010,181
California,Female,2010,358
Iowa,Female,2010,33
Delaware,Female,2011,13
West Virginia,Male,2011,221
Indiana,Male,2011,537
Kentucky,Female,2011,95
Washington,Male,2011,501
Delaware,Male,2011,64
New Jersey,Female,2011,36
Montana,Male,2011,138
Missouri,Female,2011,128
Missouri,Male,2011,724
New Jersey,Male,2011,438
Iowa,Female,2011,27
Florida,Female,2011,365
Florida,Male,2011,1995
Iowa,Male,2011,193
Idaho,Male,2011,163
Washington,Female,2011,98
Wyoming,Female,2011,13
Pennsylvania,Female,2011,170
Pennsylvania,Male,2011,1259
Massachusetts,Male,2011,224
New Hampshire,Female,2011,13
New Hampshire,Male,2011,75
Vermont,Male,2011,69
West Virginia,Female,2011,51
New Mexico,Male,2011,255
Ohio,Female,2011,170
Arizona,Male,2011,823
California,Male,2011,2568
California,Female,2011,361
Oklahoma,Female,2011,114
Oklahoma,Male,2011,512
Arizona,Female,2011,131
Maine,Female,2011,22
Maine,Male,2011,109
Colorado,Female,2011,79
Tennessee,Female,2011,165
Tennessee,Male,2011,780
Indiana,Female,2011,94
Minnesota,Male,2011,354
South Carolina,Male,2011,570
South Carolina,Female,2011,128
Alaska,Female,2011,24
Alaska,Male,2011,101
Minnesota,Female,2011,39
Colorado,Male,2011,484
Vermont,Female,2011,0
Wyoming,Male,2011,83
Kentucky,Male,2011,515
New Mexico,Female,2011,44
District of Columbia,Female,2011,0
Texas,Male,2011,2157
Alabama,Male,2011,644
Hawaii,Male,2011,39
Virginia,Male,2011,713
Virginia,Female,2011,140
Georgia,Female,2011,215
South Dakota,Male,2011,56
Nebraska,Female,2011,20
South Dakota,Female,2011,11
Kansas,Male,2011,268
Illinois,Male,2011,1002
North Dakota,Male,2011,53
Texas,Female,2011,430
Kansas,Female,2011,56
Utah,Male,2011,246
North Dakota,Female,2011,0
Nebraska,Male,2011,141
Michigan,Male,2011,1021
Michigan,Female,2011,126
Georgia,Male,2011,1005
Alabama,Female,2011,142
Louisiana,Female,2011,143
North Carolina,Female,2011,183
North Carolina,Male,2011,970
Louisiana,Male,2011,727
Utah,Female,2011,53
Connecticut,Male,2011,193
Connecticut,Female,2011,17
Oregon,Male,2011,361
Wisconsin,Female,2011,52
Wisconsin,Male,2011,391
Arkansas,Female,2011,76
Arkansas,Male,2011,385
Idaho,Female,2011,27
New York,Female,2011,101
New York,Male,2011,886
District of Columbia,Male,2011,79
Massachusetts,Female,2011,23
Mississippi,Male,2011,432
Illinois,Female,2011,96
Maryland,Male,2011,467
Oregon,Female,2011,54
Rhode Island,Female,2011,0
Rhode Island,Male,2011,28
Mississippi,Female,2011,96
Maryland,Female,2011,55
Ohio,Male,2011,1043
Montana,Female,2011,29
Nevada,Female,2011,54
Nevada,Male,2011,311
Hawaii,Female,2011,0
Ohio,Male,2012,1061
Illinois,Female,2012,120
Alabama,Female,2012,132
Illinois,Male,2012,1049
Ohio,Female,2012,189
District of Columbia,Male,2012,61
Iowa,Female,2012,35
District of Columbia,Female,2012,0
North Carolina,Male,2012,975
New Mexico,Male,2012,276
North Carolina,Female,2012,195
Pennsylvania,Female,2012,170
Georgia,Male,2012,1031
Georgia,Female,2012,244
North Dakota,Female,2012,12
Kansas,Female,2012,47
Kansas,Male,2012,326
North Dakota,Male,2012,60
Oregon,Male,2012,363
Oregon,Female,2012,68
Rhode Island,Female,2012,0
Rhode Island,Male,2012,38
Wisconsin,Male,2012,434
Wisconsin,Female,2012,43
New York,Male,2012,892
New York,Female,2012,72
Florida,Male,2012,2027
Oklahoma,Male,2012,507
South Carolina,Male,2012,607
South Carolina,Female,2012,132
Alabama,Male,2012,700
Kentucky,Male,2012,531
Kentucky,Female,2012,116
New Mexico,Female,2012,39
Hawaii,Male,2012,46
Pennsylvania,Male,2012,1267
Indiana,Male,2012,672
Idaho,Male,2012,176
Florida,Female,2012,428
Idaho,Female,2012,28
Iowa,Male,2012,181
Indiana,Female,2012,119
Hawaii,Female,2012,0
Oklahoma,Female,2012,109
Louisiana,Male,2012,716
Michigan,Female,2012,136
Michigan,Male,2012,1078
Virginia,Female,2012,105
Texas,Male,2012,2301
Texas,Female,2012,420
Virginia,Male,2012,724
Louisiana,Female,2012,139
Wyoming,Female,2012,14
Arkansas,Male,2012,415
Alaska,Male,2012,111
Arkansas,Female,2012,70
Alaska,Female,2012,18
Maine,Male,2012,114
Maine,Female,2012,15
New Hampshire,Female,2012,18
Montana,Female,2012,24
Montana,Male,2012,144
California,Female,2012,343
Nevada,Male,2012,285
Nebraska,Male,2012,158
Nebraska,Female,2012,10
Massachusetts,Female,2012,26
Massachusetts,Male,2012,201
Colorado,Female,2012,94
Vermont,Female,2012,0
Utah,Male,2012,282
New Hampshire,Male,2012,98
Utah,Female,2012,38
Wyoming,Male,2012,103
Connecticut,Female,2012,43
Connecticut,Male,2012,185
California,Male,2012,2619
Maryland,Male,2012,519
Maryland,Female,2012,52
Nevada,Female,2012,71
Vermont,Male,2012,54
Missouri,Male,2012,764
Colorado,Male,2012,573
New Jersey,Male,2012,402
Mississippi,Male,2012,434
Mississippi,Female,2012,99
New Jersey,Female,2012,39
Tennessee,Female,2012,154
Tennessee,Male,2012,842
South Dakota,Male,2012,73
South Dakota,Female,2012,11
Minnesota,Male,2012,337
Minnesota,Female,2012,41
West Virginia,Male,2012,219
Washington,Female,2012,95
Arizona,Male,2012,780
Arizona,Female,2012,154
Missouri,Female,2012,121
Delaware,Male,2012,80
Delaware,Female,2012,12
West Virginia,Female,2012,51
Washington,Male,2012,570
Ohio,Male,2013,1106
West Virginia,Female,2013,30
California,Male,2013,2583
Iowa,Female,2013,32
Iowa,Male,2013,219
Vermont,Male,2013,49
California,Female,2013,352
Vermont,Female,2013,15
Idaho,Female,2013,36
Mississippi,Female,2013,97
West Virginia,Male,2013,243
Massachusetts,Male,2013,182
Illinois,Female,2013,122
Illinois,Male,2013,984
Pennsylvania,Female,2013,198
Pennsylvania,Male,2013,1239
North Carolina,Male,2013,1033
North Carolina,Female,2013,187
Nebraska,Female,2013,18
Nebraska,Male,2013,150
Mississippi,Male,2013,426
Massachusetts,Female,2013,18
Montana,Male,2013,135
Idaho,Male,2013,191
Indiana,Male,2013,723
Indiana,Female,2013,121
Missouri,Female,2013,123
Missouri,Male,2013,753
Arkansas,Female,2013,75
Minnesota,Female,2013,52
Minnesota,Male,2013,372
Virginia,Male,2013,716
Virginia,Female,2013,140
Washington,Female,2013,90
North Dakota,Male,2013,81
Ohio,Female,2013,174
North Dakota,Female,2013,0
Michigan,Male,2013,1039
Michigan,Female,2013,146
Oklahoma,Female,2013,117
Washington,Male,2013,525
Arizona,Male,2013,782
Oregon,Female,2013,74
Oregon,Male,2013,383
Hawaii,Male,2013,29
Hawaii,Female,2013,0
Arizona,Female,2013,147
Montana,Female,2013,30
Oklahoma,Male,2013,514
Arkansas,Male,2013,425
Colorado,Female,2013,97
Delaware,Female,2013,16
Nevada,Female,2013,66
Nevada,Male,2013,325
Alabama,Female,2013,139
Connecticut,Female,2013,0
New York,Male,2013,773
New York,Female,2013,81
Connecticut,Male,2013,149
Alaska,Male,2013,119
Alaska,Female,2013,25
Texas,Male,2013,2314
Texas,Female,2013,445
New Mexico,Female,2013,51
Delaware,Male,2013,85
Florida,Male,2013,2012
Colorado,Male,2013,514
Florida,Female,2013,412
South Carolina,Male,2013,599
South Carolina,Female,2013,138
Alabama,Male,2013,716
Maine,Male,2013,133
Maine,Female,2013,21
New Hampshire,Female,2013,0
Kentucky,Female,2013,122
Kentucky,Male,2013,499
Tennessee,Female,2013,166
Tennessee,Male,2013,864
New Mexico,Male,2013,262
Rhode Island,Male,2013,45
New Hampshire,Male,2013,85
Utah,Male,2013,285
New Jersey,Male,2013,455
District of Columbia,Female,2013,0
District of Columbia,Male,2013,64
Rhode Island,Female,2013,10
Utah,Female,2013,49
Wisconsin,Female,2013,63
Wyoming,Male,2013,89
Wyoming,Female,2013,14
Georgia,Female,2013,211
South Dakota,Male,2013,70
Georgia,Male,2013,1038
New Jersey,Female,2013,45
Kansas,Female,2013,42
Kansas,Male,2013,286
Louisiana,Female,2013,123
South Dakota,Female,2013,0
Louisiana,Male,2013,761
Maryland,Male,2013,505
Maryland,Female,2013,62
Wisconsin,Male,2013,501
West Virginia,Female,2014,52
Tennessee,Female,2014,159
Tennessee,Male,2014,857
South Dakota,Female,2014,17
South Dakota,Male,2014,69
West Virginia,Male,2014,227
Delaware,Female,2014,0
South Carolina,Male,2014,623
Illinois,Female,2014,111
Washington,Female,2014,106
Washington,Male,2014,574
District of Columbia,Female,2014,11
District of Columbia,Male,2014,70
Arizona,Male,2014,762
Arizona,Female,2014,155
Delaware,Male,2014,95
South Carolina,Female,2014,140
Colorado,Female,2014,101
Virginia,Male,2014,739
Oklahoma,Male,2014,492
Wisconsin,Female,2014,63
Wisconsin,Male,2014,419
Pennsylvania,Male,2014,1215
Pennsylvania,Female,2014,167
Georgia,Male,2014,1148
Georgia,Female,2014,238
Colorado,Male,2014,552
Utah,Male,2014,275
Utah,Female,2014,48
Alaska,Male,2014,124
Vermont,Female,2014,0
Vermont,Male,2014,61
California,Male,2014,2525
California,Female,2014,337
Alaska,Female,2014,22
Rhode Island,Female,2014,0
Rhode Island,Male,2014,29
Idaho,Male,2014,172
Idaho,Female,2014,37
Connecticut,Male,2014,171
Connecticut,Female,2014,16
Arkansas,Female,2014,92
Arkansas,Male,2014,404
Oklahoma,Female,2014,121
Virginia,Female,2014,141
Florida,Male,2014,2036
Texas,Female,2014,491
Texas,Male,2014,2342
Oregon,Male,2014,404
Hawaii,Male,2014,36
Hawaii,Female,2014,0
Florida,Female,2014,358
Illinois,Male,2014,1059
Oregon,Female,2014,77
Alabama,Male,2014,674
Louisiana,Male,2014,729
Minnesota,Male,2014,329
Minnesota,Female,2014,48
Missouri,Female,2014,133
Indiana,Female,2014,99
Indiana,Male,2014,717
Maine,Female,2014,16
North Carolina,Male,2014,982
Missouri,Male,2014,802
New York,Female,2014,78
New York,Male,2014,784
New Hampshire,Female,2014,11
North Dakota,Male,2014,88
Kansas,Female,2014,44
Wyoming,Male,2014,74
Kansas,Male,2014,276
Maryland,Male,2014,462
Maryland,Female,2014,68
Nevada,Female,2014,70
Nevada,Male,2014,351
North Dakota,Female,2014,0
Louisiana,Female,2014,163
Iowa,Female,2014,33
New Jersey,Female,2014,47
Ohio,Female,2014,158
Iowa,Male,2014,203
Mississippi,Female,2014,79
North Carolina,Female,2014,214
New Mexico,Male,2014,280
Mississippi,Male,2014,463
New Mexico,Female,2014,46
Kentucky,Female,2014,114
Kentucky,Male,2014,517
Maine,Male,2014,113
New Jersey,Male,2014,416
Nebraska,Male,2014,165
Nebraska,Female,2014,14
Massachusetts,Female,2014,28
Massachusetts,Male,2014,196
Montana,Male,2014,145
Ohio,Male,2014,1040
Wyoming,Female,2014,17
Montana,Female,2014,22
Michigan,Female,2014,139
Michigan,Male,2014,951
Alabama,Female,2014,139
New Hampshire,Male,2014,108
Texas,Male,2015,2654
North Carolina,Female,2015,195
Nevada,Female,2015,91
Maryland,Female,2015,54
Maryland,Male,2015,642
Pennsylvania,Male,2015,1293
Pennsylvania,Female,2015,182
Texas,Female,2015,534
North Carolina,Male,2015,1079
Colorado,Male,2015,589
Colorado,Female,2015,100
Utah,Female,2015,49
Utah,Male,2015,312
Iowa,Male,2015,205
South Carolina,Male,2015,691
Nevada,Male,2015,345
Connecticut,Female,2015,22
Delaware,Female,2015,16
Georgia,Male,2015,1186
South Carolina,Female,2015,154
New Mexico,Female,2015,58
New Mexico,Male,2015,315
Kentucky,Female,2015,111
Kentucky,Male,2015,574
District of Columbia,Male,2015,109
District of Columbia,Female,2015,0
South Dakota,Female,2015,13
Florida,Female,2015,374
Florida,Male,2015,2175
South Dakota,Male,2015,81
New Jersey,Male,2015,430
New Jersey,Female,2015,35
Kansas,Male,2015,277
Kansas,Female,2015,49
New York,Female,2015,70
Louisiana,Female,2015,141
Georgia,Female,2015,251
Maine,Male,2015,123
Maine,Female,2015,19
Alabama,Male,2015,783
Alabama,Female,2015,172
New Hampshire,Female,2015,21
Connecticut,Male,2015,164
New Hampshire,Male,2015,98
Tennessee,Female,2015,181
New York,Male,2015,770
Rhode Island,Female,2015,0
Rhode Island,Male,2015,46
Delaware,Male,2015,94
Louisiana,Male,2015,811
Tennessee,Male,2015,886
Alaska,Female,2015,37
Iowa,Female,2015,40
Wyoming,Male,2015,96
Vermont,Male,2015,63
North Dakota,Female,2015,12
Oklahoma,Male,2015,586
Oklahoma,Female,2015,121
North Dakota,Male,2015,80
Minnesota,Female,2015,53
Minnesota,Male,2015,350
Ohio,Male,2015,1183
Ohio,Female,2015,200
California,Male,2015,2663
Vermont,Female,2015,0
Washington,Female,2015,131
Virginia,Female,2015,150
California,Female,2015,333
Alaska,Male,2015,138
Washington,Male,2015,576
Idaho,Male,2015,208
Montana,Male,2015,165
Montana,Female,2015,37
Michigan,Female,2015,139
Michigan,Male,2015,1015
Indiana,Male,2015,712
Virginia,Male,2015,787
Arizona,Male,2015,790
Idaho,Female,2015,38
Oregon,Female,2015,76
West Virginia,Male,2015,229
West Virginia,Female,2015,42
Hawaii,Female,2015,0
Hawaii,Male,2015,51
Nebraska,Male,2015,149
Nebraska,Female,2015,19
Massachusetts,Female,2015,22
Illinois,Male,2015,1094
Massachusetts,Male,2015,183
Wisconsin,Female,2015,70
Wisconsin,Male,2015,539
Illinois,Female,2015,116
Mississippi,Female,2015,101
Mississippi,Male,2015,488
Arkansas,Female,2015,100
Arkansas,Male,2015,419
Missouri,Male,2015,934
Missouri,Female,2015,156
Arizona,Female,2015,167
Wyoming,Female,2015,17
Oregon,Male,2015,399
Indiana,Female,2015,124
Missouri,Male,2016,955
Missouri,Female,2016,180
Utah,Male,2016,309
New Jersey,Female,2016,45
Washington,Male,2016,571
Mississippi,Female,2016,105
Mississippi,Male,2016,477
Minnesota,Male,2016,367
District of Columbia,Male,2016,97
District of Columbia,Female,2016,0
Minnesota,Female,2016,56
Washington,Female,2016,97
Kentucky,Female,2016,139
New Jersey,Male,2016,437
Wyoming,Male,2016,86
Arizona,Female,2016,185
Arizona,Male,2016,897
South Dakota,Female,2016,17
South Dakota,Male,2016,86
Kentucky,Male,2016,621
Louisiana,Female,2016,162
Michigan,Male,2016,1065
Delaware,Male,2016,98
Texas,Female,2016,571
Texas,Male,2016,2753
Wyoming,Female,2016,16
California,Female,2016,362
California,Male,2016,2757
Alaska,Male,2016,136
Alaska,Female,2016,35
Vermont,Female,2016,0
Massachusetts,Male,2016,217
Maryland,Female,2016,68
Maryland,Male,2016,622
Colorado,Male,2016,668
Colorado,Female,2016,126
Nebraska,Male,2016,146
Nebraska,Female,2016,18
Utah,Female,2016,54
Massachusetts,Female,2016,14
Louisiana,Male,2016,823
Nevada,Female,2016,80
Vermont,Male,2016,71
Delaware,Female,2016,14
New Hampshire,Male,2016,115
Arkansas,Female,2016,102
Arkansas,Male,2016,433
New Hampshire,Female,2016,16
Virginia,Male,2016,875
Virginia,Female,2016,163
Nevada,Male,2016,409
Tennessee,Female,2016,186
Michigan,Female,2016,162
Montana,Female,2016,31
Maine,Female,2016,11
Montana,Male,2016,160
Maine,Male,2016,111
Connecticut,Male,2016,155
Connecticut,Female,2016,15
Tennessee,Male,2016,959
South Carolina,Male,2016,736
West Virginia,Male,2016,268
Oklahoma,Male,2016,654
Oklahoma,Female,2016,114
Alabama,Male,2016,857
Pennsylvania,Female,2016,187
North Carolina,Female,2016,257
North Carolina,Male,2016,1130
Georgia,Male,2016,1317
Hawaii,Male,2016,51
Hawaii,Female,2016,13
Florida,Female,2016,457
Wisconsin,Male,2016,573
Rhode Island,Male,2016,42
New York,Male,2016,801
New York,Female,2016,87
Rhode Island,Female,2016,0
Idaho,Male,2016,197
Idaho,Female,2016,39
Indiana,Female,2016,146
Pennsylvania,Male,2016,1354
Indiana,Male,2016,840
West Virginia,Female,2016,53
North Dakota,Male,2016,76
South Carolina,Female,2016,151
Illinois,Male,2016,1340
Illinois,Female,2016,137
Oregon,Male,2016,426
Oregon,Female,2016,77
New Mexico,Female,2016,71
New Mexico,Male,2016,296
Wisconsin,Female,2016,83
Georgia,Female,2016,242
Iowa,Male,2016,259
Iowa,Female,2016,31
Florida,Male,2016,2236
Ohio,Male,2016,1292
Ohio,Female,2016,220
North Dakota,Female,2016,14
Alabama,Female,2016,180
Kansas,Female,2016,50
Kansas,Male,2016,332
Utah,Female,2017,68
South Carolina,Female,2017,150
Hawaii,Female,2017,0
Hawaii,Male,2017,31
Massachusetts,Female,2017,24
Utah,Male,2017,336
Alabama,Male,2017,937
North Carolina,Male,2017,1211
Nebraska,Female,2017,19
Georgia,Female,2017,265
Georgia,Male,2017,1340
Nevada,Male,2017,399
Nevada,Female,2017,96
Iowa,Female,2017,23
Texas,Female,2017,571
Texas,Male,2017,2913
Pennsylvania,Male,2017,1386
Pennsylvania,Female,2017,229
Maryland,Female,2017,63
Maryland,Male,2017,670
Colorado,Male,2017,655
Colorado,Female,2017,109
North Carolina,Female,2017,206
Nebraska,Male,2017,145
Alabama,Female,2017,185
California,Male,2017,2729
Vermont,Female,2017,13
Oregon,Male,2017,436
Missouri,Male,2017,1118
Missouri,Female,2017,184
Oklahoma,Male,2017,554
Oklahoma,Female,2017,131
Wyoming,Male,2017,100
Washington,Female,2017,116
Washington,Male,2017,703
Arizona,Male,2017,943
Wyoming,Female,2017,12
Arizona,Female,2017,181
Ohio,Male,2017,1355
Minnesota,Female,2017,47
Minnesota,Male,2017,410
Mississippi,Male,2017,531
West Virginia,Male,2017,283
West Virginia,Female,2017,62
Mississippi,Female,2017,95
Illinois,Female,2017,156
Ohio,Female,2017,214
California,Female,2017,376
Wisconsin,Male,2017,533
Virginia,Female,2017,171
Oregon,Female,2017,83
Massachusetts,Male,2017,234
Indiana,Male,2017,869
Indiana,Female,2017,142
Vermont,Male,2017,57
Alaska,Female,2017,29
Alaska,Male,2017,146
Wisconsin,Female,2017,78
Virginia,Male,2017,858
Montana,Male,2017,194
North Dakota,Female,2017,12
North Dakota,Male,2017,90
Arkansas,Male,2017,497
Arkansas,Female,2017,112
Michigan,Female,2017,138
Michigan,Male,2017,995
Idaho,Female,2017,37
Idaho,Male,2017,241
Montana,Female,2017,44
Connecticut,Female,2017,21
Illinois,Male,2017,1380
Rhode Island,Male,2017,42
Kentucky,Male,2017,608
South Dakota,Male,2017,89
Tennessee,Male,2017,1033
New Jersey,Male,2017,403
District of Columbia,Female,2017,0
District of Columbia,Male,2017,90
Connecticut,Male,2017,164
Florida,Male,2017,2283
Louisiana,Male,2017,842
Louisiana,Female,2017,158
South Dakota,Female,2017,0
Iowa,Male,2017,269
Florida,Female,2017,428
Kentucky,Female,2017,115
Kansas,Female,2017,70
Maine,Female,2017,23
South Carolina,Male,2017,741
Delaware,Female,2017,13
Delaware,Male,2017,95
New Jersey,Female,2017,68
Kansas,Male,2017,395
New Hampshire,Male,2017,125
New York,Female,2017,66
New Mexico,Male,2017,323
New York,Male,2017,691
Rhode Island,Female,2017,0
Tennessee,Female,2017,200
New Hampshire,Female,2017,19
Maine,Male,2017,143
New Mexico,Female,2017,54
Arkansas,Female,2018,93
Arkansas,Male,2018,468
Alaska,Male,2018,123
Montana,Female,2018,28
Alabama,Male,2018,889
Delaware,Female,2018,16
Massachusetts,Female,2018,22
Massachusetts,Male,2018,234
Delaware,Male,2018,91
Indiana,Female,2018,172
Rhode Island,Female,2018,0
Rhode Island,Male,2018,34
Vermont,Female,2018,13
Vermont,Male,2018,68
Florida,Male,2018,2455
Florida,Female,2018,429
South Dakota,Male,2018,100
South Dakota,Female,2018,14
North Dakota,Female,2018,14
North Dakota,Male,2018,75
Alaska,Female,2018,28
New Jersey,Female,2018,39
Connecticut,Female,2018,21
Michigan,Female,2018,189
Washington,Male,2018,669
West Virginia,Male,2018,276
West Virginia,Female,2018,63
District of Columbia,Female,2018,11
District of Columbia,Male,2018,114
Wisconsin,Male,2018,528
New Mexico,Male,2018,357
Washington,Female,2018,120
New Mexico,Female,2018,65
Mississippi,Male,2018,554
Mississippi,Female,2018,121
Ohio,Female,2018,226
Ohio,Male,2018,1314
South Carolina,Male,2018,750
Minnesota,Male,2018,398
South Carolina,Female,2018,141
Minnesota,Female,2018,29
New Jersey,Male,2018,379
Illinois,Female,2018,160
Wyoming,Male,2018,96
Michigan,Male,2018,1116
Idaho,Female,2018,51
Idaho,Male,2018,236
Virginia,Male,2018,864
Kentucky,Male,2018,641
Wisconsin,Female,2018,58
Oklahoma,Male,2018,556
Illinois,Male,2018,1216
Kentucky,Female,2018,116
Missouri,Female,2018,221
Oklahoma,Female,2018,109
Kansas,Female,2018,60
Kansas,Male,2018,364
Arizona,Male,2018,971
Arizona,Female,2018,151
Wyoming,Female,2018,27
Missouri,Male,2018,1082
Virginia,Female,2018,167
Montana,Male,2018,154
California,Male,2018,2607
New Hampshire,Male,2018,129
New Hampshire,Female,2018,21
Nebraska,Female,2018,21
Nebraska,Male,2018,161
North Carolina,Male,2018,1175
North Carolina,Female,2018,225
New York,Female,2018,89
Colorado,Female,2018,128
Colorado,Male,2018,739
California,Female,2018,359
Maryland,Female,2018,82
Tennessee,Female,2018,207
Tennessee,Male,2018,1014
New York,Male,2018,724
Pennsylvania,Female,2018,210
Pennsylvania,Male,2018,1428
Texas,Male,2018,2939
Texas,Female,2018,550
Iowa,Male,2018,252
Iowa,Female,2018,29
Georgia,Male,2018,1372
Nevada,Female,2018,99
Nevada,Male,2018,435
Maine,Male,2018,139
Maine,Female,2018,18
Georgia,Female,2018,287
Connecticut,Male,2018,163
Utah,Female,2018,54
Utah,Male,2018,325
Maryland,Male,2018,615
Alabama,Female,2018,175
Hawaii,Male,2018,43
Hawaii,Female,2018,10
Louisiana,Female,2018,150
Louisiana,Male,2018,838
Indiana,Male,2018,797
Oregon,Female,2018,79
Oregon,Male,2018,425
Ohio,Female,2019,214
Georgia,Male,2019,1412
Wisconsin,Male,2019,503
Delaware,Male,2019,79
Iowa,Female,2019,34
Washington,Male,2019,696
Washington,Female,2019,121
Iowa,Male,2019,256
Montana,Male,2019,163
Oregon,Female,2019,86
Texas,Female,2019,570
Idaho,Male,2019,208
Idaho,Female,2019,40
Texas,Male,2019,3067
Pennsylvania,Male,2019,1354
Illinois,Female,2019,159
New Mexico,Female,2019,71
Illinois,Male,2019,1209
Pennsylvania,Female,2019,180
Oregon,Male,2019,469
New Mexico,Male,2019,386
Alabama,Male,2019,889
Georgia,Female,2019,276
Wisconsin,Female,2019,87
District of Columbia,Female,2019,0
District of Columbia,Male,2019,131
California,Male,2019,2530
Massachusetts,Female,2019,29
South Carolina,Female,2019,156
Connecticut,Male,2019,171
Minnesota,Female,2019,55
Alaska,Female,2019,31
Alaska,Male,2019,145
South Carolina,Male,2019,853
Maine,Female,2019,16
Maine,Male,2019,144
Ohio,Male,2019,1357
Nevada,Male,2019,404
Mississippi,Female,2019,118
Mississippi,Male,2019,589
Wyoming,Male,2019,112
Wyoming,Female,2019,20
Massachusetts,Male,2019,213
Minnesota,Male,2019,400
Connecticut,Female,2019,15
Kansas,Male,2019,349
Delaware,Female,2019,12
California,Female,2019,345
Nevada,Female,2019,75
Kansas,Female,2019,50
Utah,Male,2019,334
New York,Male,2019,721
Kentucky,Male,2019,571
New Jersey,Male,2019,331
New Jersey,Female,2019,37
Michigan,Female,2019,160
Maryland,Female,2019,64
Maryland,Male,2019,676
North Carolina,Female,2019,200
Nebraska,Male,2019,179
Nebraska,Female,2019,23
South Dakota,Male,2019,103
Montana,Female,2019,40
Kentucky,Female,2019,107
North Carolina,Male,2019,1176
New Hampshire,Female,2019,22
New Hampshire,Male,2019,132
Arkansas,Female,2019,95
Arkansas,Male,2019,478
Louisiana,Male,2019,857
Louisiana,Female,2019,155
South Dakota,Female,2019,0
North Dakota,Male,2019,80
North Dakota,Female,2019,15
Indiana,Female,2019,125
Utah,Female,2019,55
Alabama,Female,2019,183
Indiana,Male,2019,830
Rhode Island,Female,2019,10
Vermont,Male,2019,59
Arizona,Female,2019,181
Arizona,Male,2019,943
West Virginia,Female,2019,56
West Virginia,Male,2019,238
New York,Female,2019,73
Rhode Island,Male,2019,38
Tennessee,Male,2019,1037
Tennessee,Female,2019,221
Florida,Male,2019,2409
Florida,Female,2019,443
Missouri,Female,2019,198
Hawaii,Male,2019,50
Hawaii,Female,2019,0
Colorado,Male,2019,695
Michigan,Male,2019,1055
Oklahoma,Female,2019,112
Oklahoma,Male,2019,627
Colorado,Female,2019,133
Vermont,Female,2019,0
Virginia,Male,2019,857
Virginia,Female,2019,163
Missouri,Male,2019,1049
Alabama,Male,2020,959
Wisconsin,Female,2020,87
Wisconsin,Male,2020,624
West Virginia,Female,2020,51
West Virginia,Male,2020,269
Alabama,Female,2020,177
Minnesota,Female,2020,55
Alaska,Male,2020,140
New Jersey,Male,2020,394
Kentucky,Male,2020,753
Kentucky,Female,2020,139
New Mexico,Female,2020,69
New Mexico,Male,2020,398
Kansas,Male,2020,423
Kansas,Female,2020,68
New York,Female,2020,87
New York,Male,2020,952
New Jersey,Female,2020,48
Iowa,Male,2020,308
North Carolina,Female,2020,256
North Carolina,Male,2020,1424
Indiana,Male,2020,975
Indiana,Female,2020,169
North Dakota,Female,2020,15
North Dakota,Male,2020,84
Illinois,Male,2020,1570
Illinois,Female,2020,170
Ohio,Female,2020,242
Iowa,Female,2020,44
Ohio,Male,2020,1512
Louisiana,Female,2020,166
New Hampshire,Male,2020,97
Mississippi,Female,2020,125
Mississippi,Male,2020,690
Michigan,Male,2020,1246
Michigan,Female,2020,204
Wyoming,Female,2020,21
Missouri,Female,2020,225
Missouri,Male,2020,1197
Montana,Female,2020,30
Montana,Male,2020,200
Louisiana,Male,2020,1013
Massachusetts,Male,2020,245
Nebraska,Female,2020,15
Nebraska,Male,2020,181
Maryland,Male,2020,706
Maryland,Female,2020,91
Nevada,Female,2020,73
Nevada,Male,2020,456
Maine,Male,2020,130
Maine,Female,2020,20
New Hampshire,Female,2020,27
Massachusetts,Female,2020,24
Alaska,Female,2020,30
Idaho,Male,2020,268
Oklahoma,Female,2020,129
Connecticut,Male,2020,190
Connecticut,Female,2020,24
Texas,Female,2020,648
Texas,Male,2020,3474
Colorado,Male,2020,781
Colorado,Female,2020,120
Utah,Female,2020,60
Utah,Male,2020,357
California,Male,2020,2963
Tennessee,Male,2020,1237
California,Female,2020,400
Vermont,Male,2020,68
Arkansas,Male,2020,561
Arkansas,Female,2020,109
Virginia,Female,2020,174
Virginia,Male,2020,995
Arizona,Male,2020,1047
Arizona,Female,2020,191
Washington,Female,2020,120
Washington,Male,2020,721
Vermont,Female,2020,0
Idaho,Female,2020,44
Tennessee,Female,2020,222
Delaware,Male,2020,119
Oklahoma,Male,2020,697
Hawaii,Male,2020,45
Hawaii,Female,2020,0
Minnesota,Male,2020,450
Oregon,Female,2020,82
Oregon,Male,2020,494
Pennsylvania,Female,2020,198
Pennsylvania,Male,2020,1539
Georgia,Male,2020,1590
Delaware,Female,2020,15
Georgia,Female,2020,285
Rhode Island,Male,2020,48
Florida,Male,2020,2521
Florida,Female,2020,475
South Carolina,Female,2020,155
South Carolina,Male,2020,971
District of Columbia,Male,2020,145
District of Columbia,Female,2020,22
South Dakota,Female,2020,15
South Dakota,Male,2020,103
Rhode Island,Female,2020,0
Wyoming,Male,2020,130
